Condition,PLV,Subject,Pair
Intra,0.166312194335733,1,1
Intra,0.16461653727929,1,2
Intra,0.159014889578031,1,3
Intra,0.182041940729983,1,4
Intra,0.157294695076544,1,5
Intra,0.152346267709856,1,6
Intra,0.169040044869061,1,7
Intra,0.182725871228886,1,8
Intra,0.145027077450552,1,9
Intra,0.15082817834486,1,10
Intra,0.16019483185527,1,11
Intra,0.177950160420805,1,12
Intra,0.156037814853767,2,1
Intra,0.151166367614299,2,2
Intra,0.152800441405658,2,3
Intra,0.155266798315921,2,4
Intra,0.156971547176003,2,5
Intra,0.157754063183383,2,6
Intra,0.173855846566719,2,7
Intra,0.154066377124326,2,8
Intra,0.158825329912908,2,9
Intra,0.150399911012517,2,10
Intra,0.188057554445379,3,1
Intra,0.171162824071722,3,2
Intra,0.189109064342504,3,3
Intra,0.204322369052788,3,4
Intra,0.184104849975967,3,5
Intra,0.195527301528355,3,6
Intra,0.193351616038985,3,7
Intra,0.172491589640015,3,8
Intra,0.172467013059461,3,9
Intra,0.190292448799292,3,10
Intra,0.176132848931885,3,11
Intra,0.167648089025247,3,12
Intra,0.183228760160523,3,13
Intra,0.170688610872336,3,14
Intra,0.189969551968942,3,15
Intra,0.17115886687126,3,16
Intra,0.175218857277806,3,17
Intra,0.172000254047943,3,18
Intra,0.171544726059495,3,19
Intra,0.175569794073779,3,20
Intra,0.17650673029349,3,21
Intra,0.184536602301131,3,22
Intra,0.169959749377487,3,23
Intra,0.172904437900144,3,24
Intra,0.215680073813207,3,25
Intra,0.179421780489086,3,26
Intra,0.178303253162789,3,27
Intra,0.201757599576092,3,28
Intra,0.171159971487155,3,29
Intra,0.170728497728313,3,30
Intra,0.164275853028013,3,31
Intra,0.207984970659202,3,32
Intra,0.1779849375301,3,33
Intra,0.18551873995234,3,34
Intra,0.20170288829088,3,35
Intra,0.19989295647097,4,1
Intra,0.183579521494949,4,2
Intra,0.166274194670147,4,3
Intra,0.177743691570323,4,4
Intra,0.185696922161175,4,5
Intra,0.18985835343729,4,6
Intra,0.138523839907567,5,1
Intra,0.15984457209043,6,1
Intra,0.171032339933877,6,2
Intra,0.196539832627581,6,3
Intra,0.176332966293189,6,4
Intra,0.189584167878437,6,5
Intra,0.165145201300489,6,6
Intra,0.166686172850996,6,7
Intra,0.190894090097786,6,8
Intra,0.170575613112649,6,9
Intra,0.191776227948764,6,10
Inter,0.156543466006486,16,1
Inter,0.162394760533295,16,2
Inter,0.174375191795501,16,3
Inter,0.150884977240059,16,4
Inter,0.213756126883978,19,1
Inter,0.239196995793156,19,2
Inter,0.170154964584507,21,1
Inter,0.175713034600048,21,2
Inter,0.183842681342708,21,3
Inter,0.188477950528622,21,4
Inter,0.195849261644173,21,5
Inter,0.190911022664313,21,6
Inter,0.186412494775081,21,7
Inter,0.179140413300954,1,1
Inter,0.340256873742968,1,2
Inter,0.187894690327268,1,3
Inter,0.284165210927042,1,4
Inter,0.167739186118292,1,5
Inter,0.21994786919187,1,6
Inter,0.176477533123227,2,1
Inter,0.165845346925967,2,2
Inter,0.174111126319557,2,3
Inter,0.154642013249498,2,4
Inter,0.167954980517525,2,5
Inter,0.15624666951248,2,6
Inter,0.188069986749435,2,7
Inter,0.159982891029379,2,8
Inter,0.173532690286256,2,9
Inter,0.171055589674523,2,10
Inter,0.182958859828278,2,11
Inter,0.15965707231828,2,12
Inter,0.171314270903098,2,13
Inter,0.172049708315666,2,14
Inter,0.18790826837197,2,15
Inter,0.172639222653601,2,16
Inter,0.162839954932972,2,17
Inter,0.16457239703178,2,18
Inter,0.214794251736477,3,1
Inter,0.195027302934524,3,2
Inter,0.207865974534818,3,3
Inter,0.186778418828332,3,4
Inter,0.453633071360555,3,5
Inter,0.331350253706085,3,6
Inter,0.274106028231884,3,7
Inter,0.217130560585777,3,8
Inter,0.147070279165667,4,1
Inter,0.162566418299669,4,2
Inter,0.156460726568854,4,3
Inter,0.15960190647575,4,4
Inter,0.165280305447887,4,5
Inter,0.153330352235708,4,6
Inter,0.169754242463795,4,7
Inter,0.157077155320358,4,8
Inter,0.151982017975597,4,9
Inter,0.14448238086581,4,10
Inter,0.166755774149073,4,11
Inter,0.172259435324464,4,12
Inter,0.163384599609193,4,13
Inter,0.167965192933222,4,14
Inter,0.16660889060033,4,15
Inter,0.191329386473244,4,16
Inter,0.192555058012442,4,17
Inter,0.198362759329128,4,18
Inter,0.194943231673416,4,19
Inter,0.178048915323215,4,20
Inter,0.169385749674579,4,21
Inter,0.172579268035764,4,22
Inter,0.172995832973591,4,23
Inter,0.179881791815312,4,24
Inter,0.17884949976959,4,25
Inter,0.177052644299909,4,26
Inter,0.16993199817604,4,27
Inter,0.163110756223039,4,28
Inter,0.173396458684275,4,29
Inter,0.180994194290257,4,30
Inter,0.162921496175049,4,31
Inter,0.162175457351127,4,32
Inter,0.170197550689363,4,33
Inter,0.167291309130891,4,34
Inter,0.158743724009178,4,35
Inter,0.153361477413127,5,1
Inter,0.148318264501127,5,2
Inter,0.153286906196967,5,3
Inter,0.168458563531569,5,4
Inter,0.184708314089423,5,5
Inter,0.166699870295279,5,6
Inter,0.175127382021627,5,7
Inter,0.172025358235089,5,8
Inter,0.140924117702295,5,9
Inter,0.151677889129983,5,10
Inter,0.143778166795901,5,11
Inter,0.159882341418634,5,12
Inter,0.153930071392164,5,13
Inter,0.159661613580874,5,14
Inter,0.152783438458652,5,15
Inter,0.158456689600402,5,16
Inter,0.145944752125348,5,17
Inter,0.171968805247605,5,18
Inter,0.173975797825362,5,19
Inter,0.188742497691778,5,20
Inter,0.15605075643875,5,21
Inter,0.1657198656058,5,22
Inter,0.163996394355605,5,23
Inter,0.163040104354066,5,24
Inter,0.167360954999987,5,25
Inter,0.149568675138143,5,26
Inter,0.153950550648717,5,27
Inter,0.160165480032581,5,28
Inter,0.158083063847529,6,1
Inter,0.148235213745894,6,2
Inter,0.153406796616692,6,3
Inter,0.145164975009361,6,4
Inter,0.134968994247792,6,5
Inter,0.16079131195801,6,6
Inter,0.163327643254966,6,7
Inter,0.168967388845245,6,8
Inter,0.158246080614247,6,9
Inter,0.158269699690472,6,10
Inter,0.146827322500802,6,11
Inter,0.164589674350607,6,12
Inter,0.189096834780955,8,1
Inter,0.195791566271776,8,2
Inter,0.184393987010158,8,3
Inter,0.171245117299731,8,4
Inter,0.182746799503316,8,5
Inter,0.187654608378562,8,6
Inter,0.170343668908997,8,7
Inter,0.193560579916883,8,8
Inter,0.179339187404303,8,9
Inter,0.183807352340205,8,10
Inter,0.218176993881912,8,11
Inter,0.199258381589668,8,12
Inter,0.169963888663463,8,13
Inter,0.189219606365443,8,14
Inter,0.17622708345734,8,15
Inter,0.172564361755921,8,16
Inter,0.190539178819903,8,17
Inter,0.179024198919791,8,18
Inter,0.199693806730138,8,19
Inter,0.190474304108291,8,20
Inter,0.192091164948409,8,21
Inter,0.239314335118634,8,22
Inter,0.285107498061735,8,23
Inter,0.248618618746786,8,24
Inter,0.190039102417205,8,25
Inter,0.213180790265627,8,26
Inter,0.197167100129454,8,27
Inter,0.192130761190128,8,28
Inter,0.205484348831684,8,29
Inter,0.204905698701142,8,30
Inter,0.186043662078549,8,31
Inter,0.209624344839629,8,32
Inter,0.186113107939048,8,33
Inter,0.192286414851633,8,34
Inter,0.208934553678966,8,35
Inter,0.196310379276193,8,36
Inter,0.160486506888082,10,1
Inter,0.156918095977149,10,2
Inter,0.160419167304042,11,1
Inter,0.167364937296218,11,2
Inter,0.174042814286043,15,1
Inter,0.164460810078317,15,2
Inter,0.164768290992851,15,3
Inter,0.206474233506166,15,4
Inter,0.348123267149586,15,5
Inter,0.204873102832766,15,6
Inter,0.183194203052466,15,7
Inter,0.174782986323599,15,8
Inter,0.177410237422296,15,9
Inter,0.181775399354585,15,10
Inter,0.179632204909478,15,11
Inter,0.213781674429004,15,12
Inter,0.243714058355975,15,13
Inter,0.174823981892612,15,14
Inter,0.176043606666166,15,15
Inter,0.169139852811421,15,16
Inter,0.195671701197921,15,17
Inter,0.169769862965906,15,18
Inter,0.18037096037945,15,19
Inter,0.176889729042157,15,20
Inter,0.18607231060943,15,21
Inter,0.161702709884479,15,22
Inter,0.165588034637027,15,23
Inter,0.170613023508156,15,24
Inter,0.210443137778149,15,25
Inter,0.179639778206953,15,26
Inter,0.162698929081884,15,27
Inter,0.170508716905699,15,28
Inter,0.172372772985354,15,29
Inter,0.15835717108053,15,30
Inter,0.173962547575492,15,31
Inter,0.201506969701807,15,32
Inter,0.191540096610122,15,33
Inter,0.193748894304415,15,34
Inter,0.192362539700375,15,35
Inter,0.153694975487823,18,1
Inter,0.147385389782386,18,2
Inter,0.145749827908607,18,3
Inter,0.174299974420037,18,4
Inter,0.174560570644409,18,5
Inter,0.195073311501015,18,6
Inter,0.189617368896476,19,1
Inter,0.204788646873549,19,2
Inter,0.16478473754772,21,1
Inter,0.161591208153765,21,2
Inter,0.172040531615763,21,3
Inter,0.161601749037823,21,4
Inter,0.167265326279416,21,5
Inter,0.158431701345247,21,6
Inter,0.158088119969975,21,7
Inter,0.204189015804911,22,1
Inter,0.180778217589417,22,2
Inter,0.191147924825821,22,3
Inter,0.211045784159468,23,1
Inter,0.325043441973695,1,1
Inter,0.289611678009924,1,2
Inter,0.175851499529916,1,3
Inter,0.173198827382056,2,1
Inter,0.149941021380429,2,2
Inter,0.18110588718684,2,3
Inter,0.15824075428565,2,4
Inter,0.151836820102535,2,5
Inter,0.156060293212798,2,6
Inter,0.17953304305277,2,7
Inter,0.15675461727167,2,8
Inter,0.165502405108263,2,9
Inter,0.165939715040145,2,10
Inter,0.278067974127714,2,11
Inter,0.181088581071741,2,12
Inter,0.163063181667219,2,13
Inter,0.173412019490197,2,14
Inter,0.16927621386309,2,15
Inter,0.157367158865146,2,16
Inter,0.167206663391364,2,17
Inter,0.143849776405801,2,18
Inter,0.159374346762369,2,19
Inter,0.221338346840022,2,20
Inter,0.157730090191829,2,21
Inter,0.211814932085581,2,22
Inter,0.164497716772076,2,23
Inter,0.166488682552495,2,24
Inter,0.174953419006407,2,25
Inter,0.154587418249576,2,26
Inter,0.159412943891858,2,27
Inter,0.175604826466992,2,28
Inter,0.167507534527083,2,29
Inter,0.162664120876011,2,30
Inter,0.186874239324007,2,31
Inter,0.419016611665369,2,32
Inter,0.165419551882581,2,33
Inter,0.183912985177666,2,34
Inter,0.351741922519585,2,35
Inter,0.148133185842311,2,36
Inter,0.167256512539882,2,37
Inter,0.165847737593078,2,38
Inter,0.15995908131079,2,39
Inter,0.162281546962687,2,40
Inter,0.170392886353714,2,41
Inter,0.182458375637396,2,42
Inter,0.175695349875402,2,43
Inter,0.176568239918688,2,44
Inter,0.177434083815733,2,45
Inter,0.172310020656948,2,46
Inter,0.183376899723495,2,47
Inter,0.149480872797316,2,48
Inter,0.166718769726864,2,49
Inter,0.163984102844133,2,50
Inter,0.180046730379834,2,51
Inter,0.163647569350266,2,52
Inter,0.176833585627318,2,53
Inter,0.197891304892409,2,54
Inter,0.203962087027526,2,55
Inter,0.15697127039737,2,56
Inter,0.20350214418229,2,57
Inter,0.170241157541948,2,58
Inter,0.167882819526563,2,59
Inter,0.180960823170457,2,60
Inter,0.168444421030553,2,61
Inter,0.184644741214572,2,62
Inter,0.184895836756823,2,63
Inter,0.185492586366985,2,64
Inter,0.159008317190459,2,65
Inter,0.163722273486342,2,66
Inter,0.182787957799645,2,67
Inter,0.301726013717689,2,68
Inter,0.190864074693778,2,69
Inter,0.15355082449445,2,70
Inter,0.170976389559293,2,71
Inter,0.173213816556266,2,72
Inter,0.172903529808807,2,73
Inter,0.228441872312832,2,74
Inter,0.198016753214447,2,75
Inter,0.173746520659552,2,76
Inter,0.256306084200922,2,77
Inter,0.374170082787585,2,78
Inter,0.474811221141545,2,79
Inter,0.164164594996778,2,80
Inter,0.200803799037847,2,81
Inter,0.169852530036443,2,82
Inter,0.174178162619316,2,83
Inter,0.162182026845144,2,84
Inter,0.171867684936976,2,85
Inter,0.161770463597998,2,86
Inter,0.160659102898275,2,87
Inter,0.159563787868387,2,88
Inter,0.175120515977198,2,89
Inter,0.180669360285999,2,90
Inter,0.199641287160416,3,1
Inter,0.180025126698647,3,2
Inter,0.199343672714946,3,3
Inter,0.184568208827744,3,4
Inter,0.147910808795187,4,1
Inter,0.148212110063049,4,2
Inter,0.15790698522712,4,3
Inter,0.175469175149004,4,4
Inter,0.167820896898612,4,5
Inter,0.14061973431567,4,6
Inter,0.150901071508412,4,7
Inter,0.144230314592531,4,8
Inter,0.147710775141617,4,9
Inter,0.154850619129473,4,10
Inter,0.155382754393702,4,11
Inter,0.153552707379555,4,12
Inter,0.160008160890884,4,13
Inter,0.144897938085564,4,14
Inter,0.155745094994319,4,15
Inter,0.15492973514357,4,16
Inter,0.160178703704608,4,17
Inter,0.159857163264166,4,18
Inter,0.154495270587326,4,19
Inter,0.175581678662778,4,20
Inter,0.194442709900869,4,21
Inter,0.147148654885498,4,22
Inter,0.174703766248488,4,23
Inter,0.166865802777146,4,24
Inter,0.164411690106262,4,25
Inter,0.17288575910775,4,26
Inter,0.167776739578046,4,27
Inter,0.1972263294885,4,28
Inter,0.202313695775616,4,29
Inter,0.228104822235834,4,30
Inter,0.20250553613736,4,31
Inter,0.188440904458897,4,32
Inter,0.161931927224805,4,33
Inter,0.16446029830014,4,34
Inter,0.163329390860657,4,35
Inter,0.184401364334555,4,36
Inter,0.188326383265272,4,37
Inter,0.182349571083561,4,38
Inter,0.185889311675526,4,39
Inter,0.170356954979516,4,40
Inter,0.149361037333154,4,41
Inter,0.16245392983443,4,42
Inter,0.162012393170783,4,43
Inter,0.171072915382471,4,44
Inter,0.17512824413633,4,45
Inter,0.159135008117405,4,46
Inter,0.181381130382334,4,47
Inter,0.162819987610872,4,48
Inter,0.152303831316175,4,49
Inter,0.146808077420382,4,50
Inter,0.143580898780526,4,51
Inter,0.161046682795671,4,52
Inter,0.17079764143316,4,53
Inter,0.157561729743478,4,54
Inter,0.159596539463103,4,55
Inter,0.161503695546064,4,56
Inter,0.162143798599915,5,1
Inter,0.163504760624803,5,2
Inter,0.168120599043914,5,3
Inter,0.163603117079174,5,4
Inter,0.161244468843662,5,5
Inter,0.170243424843728,5,6
Inter,0.146469881810528,5,7
Inter,0.154251151905543,5,8
Inter,0.145903342379985,5,9
Inter,0.153638642146161,5,10
Inter,0.150933783358074,5,11
Inter,0.149788631811156,5,12
Inter,0.162479890703364,5,13
Inter,0.158303009536387,5,14
Inter,0.171641462246952,5,15
Inter,0.153404052387953,5,16
Inter,0.17218633908721,5,17
Inter,0.163017976011555,5,18
Inter,0.161712718675398,5,19
Inter,0.16436741926077,5,20
Inter,0.149147149243565,5,21
Inter,0.163158124904905,6,1
Inter,0.175023605935694,6,2
Inter,0.162752405231038,6,3
Inter,0.171858998224979,6,4
Inter,0.204618527616391,6,5
Inter,0.188614110568311,6,6
Inter,0.15755513316932,6,7
Inter,0.137310287100552,6,8
Inter,0.165426485330091,6,9
Inter,0.156471123233137,6,10
Inter,0.157572735768461,6,11
Inter,0.158293666784066,6,12
Inter,0.149659017380047,6,13
Inter,0.162128236284704,6,14
Inter,0.158470679061837,6,15
Inter,0.16563100463222,6,16
Inter,0.160252474071722,6,17
Inter,0.158545942013042,6,18
Inter,0.155705045513543,6,19
Inter,0.157236979611376,6,20
Inter,0.154460222384963,6,21
Inter,0.143744559399168,6,22
Inter,0.173813838847467,6,23
Inter,0.153949406748718,6,24
Inter,0.166885675814178,6,25
Inter,0.169179036083447,6,26
Inter,0.159932262057212,6,27
Inter,0.170539704948792,6,28
Inter,0.173645379525088,7,1
Inter,0.153392241387673,7,2
Inter,0.183065557980534,7,3
Inter,0.166159362378702,7,4
Inter,0.14858061629698,7,5
Inter,0.179834877188624,7,6
Inter,0.172720975231163,8,1
Inter,0.152656758324424,8,2
Inter,0.165734334741273,8,3
Inter,0.162900931136376,8,4
Inter,0.162234281500019,8,5
Inter,0.179366321187382,8,6
Inter,0.169798302067106,8,7
Inter,0.186224496329469,8,8
Inter,0.168836374455437,8,9
Inter,0.1623001353051,8,10
Inter,0.158338269967374,8,11
Inter,0.169842706345741,8,12
Inter,0.162971842705619,8,13
Inter,0.158025884881335,8,14
Inter,0.162388463412432,8,15
Inter,0.175892385084087,8,16
Inter,0.167487090653942,8,17
Inter,0.172833902213741,8,18
Inter,0.161804619698289,8,19
Inter,0.18423552656154,8,20
Inter,0.17215365846471,8,21
Inter,0.165534794253905,8,22
Inter,0.160405759456416,8,23
Inter,0.15019524412396,8,24
Inter,0.154695072081006,8,25
Inter,0.177342239795919,8,26
Inter,0.144601824908402,8,27
Inter,0.152166534505412,8,28
Inter,0.184446432480998,8,29
Inter,0.170475749704798,8,30
Inter,0.208450150293982,8,31
Inter,0.156909396141249,8,32
Inter,0.16916101194435,8,33
Inter,0.157193511892887,8,34
Inter,0.169590743772518,8,35
Inter,0.189310827708816,8,36
Inter,0.173468759861279,8,37
Inter,0.187781231063747,8,38
Inter,0.191114098877103,8,39
Inter,0.208336452221574,8,40
Inter,0.169377332960133,8,41
Inter,0.163979293473199,8,42
Inter,0.166387883027504,8,43
Inter,0.157458933461606,8,44
Inter,0.162202775757415,8,45
Inter,0.182232267303114,8,46
Inter,0.167822842006868,8,47
Inter,0.15973899655323,8,48
Inter,0.172217540050449,8,49
Inter,0.177355117593952,8,50
Inter,0.164042594522997,8,51
Inter,0.167424465997373,8,52
Inter,0.168153457908329,8,53
Inter,0.161244063786674,8,54
Inter,0.160766101420401,8,55
Inter,0.18007249965322,8,56
Inter,0.175691111293383,8,57
Inter,0.183486487362869,8,58
Inter,0.173957624940665,8,59
Inter,0.17985538870321,8,60
Inter,0.186748712609394,8,61
Inter,0.170687230174134,8,62
Inter,0.177213002908944,8,63
Inter,0.162926706688985,8,64
Inter,0.169258385218651,8,65
Inter,0.192030946532883,8,66
Inter,0.168406179829039,8,67
Inter,0.179772773915756,8,68
Inter,0.177430437989729,8,69
Inter,0.175305473114563,8,70
Inter,0.188129086288767,8,71
Inter,0.168046201803941,8,72
Inter,0.176485350991121,8,73
Inter,0.171024068769898,8,74
Inter,0.183671679758647,8,75
Inter,0.209145429749569,8,76
Inter,0.209677463482212,8,77
Inter,0.218733158383344,8,78
Inter,0.376852538830678,8,79
Inter,0.258905296321115,8,80
Inter,0.165379070880044,8,81
Inter,0.152636137708488,8,82
Inter,0.179545497479514,8,83
Inter,0.177914629708282,8,84
Inter,0.161922167806613,8,85
Inter,0.176313816736396,8,86
Inter,0.173276006605086,8,87
Inter,0.173410210112881,8,88
Inter,0.303637889954078,8,89
Inter,0.215304500913937,8,90
Inter,0.177213323063156,8,91
Inter,0.171271317467415,8,92
Inter,0.168217404052782,8,93
Inter,0.175542252653169,8,94
Inter,0.160195425446526,8,95
Inter,0.175108542515395,8,96
Inter,0.165993422633711,8,97
Inter,0.183190353225758,8,98
Inter,0.26301136848478,8,99
Inter,0.195892640324571,8,100
Inter,0.184481915237516,8,101
Inter,0.165399378084434,8,102
Inter,0.17683272646484,8,103
Inter,0.17337637891692,8,104
Inter,0.175350507681083,8,105
Inter,0.192951647522257,8,106
Inter,0.171049323760138,8,107
Inter,0.183927514053076,8,108
Inter,0.174513998908201,8,109
Inter,0.204644892750951,8,110
Inter,0.174149880359531,8,111
Inter,0.159326091564579,8,112
Inter,0.16584922794273,8,113
Inter,0.179992647933693,8,114
Inter,0.166446245454185,8,115
Inter,0.190042418020587,8,116
Inter,0.177362095275358,8,117
Inter,0.176989537603448,8,118
Inter,0.171975715139411,8,119
Inter,0.192181033395619,8,120
Inter,0.176716728156006,9,1
Inter,0.167819223751191,9,2
Inter,0.169275317873818,9,3
Inter,0.174045372451064,9,4
Inter,0.171779972545739,9,5
Inter,0.175660360130428,9,6
Inter,0.166574482914639,9,7
Inter,0.184998823552209,9,8
Inter,0.237217486612758,9,9
Inter,0.339921896017934,9,10
Inter,0.171896217342606,9,11
Inter,0.17729081555662,9,12
Inter,0.18796534998516,9,13
Inter,0.176545700156723,9,14
Inter,0.202387327637164,9,15
Inter,0.189800366547791,9,16
Inter,0.174259445460298,9,17
Inter,0.179103612913708,9,18
Inter,0.183501053004204,9,19
Inter,0.175721726042628,9,20
Inter,0.171830990674601,9,21
Inter,0.17064263714424,9,22
Inter,0.16469937741924,9,23
Inter,0.174484988483876,9,24
Inter,0.173891878609291,9,25
Inter,0.162039946243781,9,26
Inter,0.160210651015422,9,27
Inter,0.17038630992716,9,28
Inter,0.165085423415736,9,29
Inter,0.171453467454774,9,30
Inter,0.170237868452893,9,31
Inter,0.184628894249765,9,32
Inter,0.166486875755647,9,33
Inter,0.17341039364593,9,34
Inter,0.173684270123074,9,35
Inter,0.17783852682818,9,36
Inter,0.160626511238709,9,37
Inter,0.159595605747915,9,38
Inter,0.158496566645096,9,39
Inter,0.159873021042408,9,40
Inter,0.170626766901107,9,41
Inter,0.176822410526205,9,42
Inter,0.184409589513274,9,43
Inter,0.169130892623143,9,44
Inter,0.172213697621802,9,45
Inter,0.194396801577693,9,46
Inter,0.170130664315915,9,47
Inter,0.158426133140698,9,48
Inter,0.160963786336692,9,49
Inter,0.160271908514377,9,50
Inter,0.166527789817052,9,51
Inter,0.17883870307265,9,52
Inter,0.185659891618139,9,53
Inter,0.191212107833441,9,54
Inter,0.157903141702704,9,55
Inter,0.173802547061847,9,56
Inter,0.176183127085909,9,57
Inter,0.170619226832608,9,58
Inter,0.157950525362619,9,59
Inter,0.155422061990459,9,60
Inter,0.15894319779732,9,61
Inter,0.162081220336511,9,62
Inter,0.184867149061235,9,63
Inter,0.1744865947176,9,64
Inter,0.202563363209514,9,65
Inter,0.16107075696037,9,66
Inter,0.175356486690004,10,1
Inter,0.153754164737999,10,2
Inter,0.158010194247879,10,3
Inter,0.151462561260198,11,1
Inter,0.15374951994713,11,2
Inter,0.161965415572009,11,3
Inter,0.167324278996074,11,4
Inter,0.166284683800088,11,5
Inter,0.170644957936868,11,6
Inter,0.220834875532584,11,7
Inter,0.150922181716036,11,8
Inter,0.155019309901598,11,9
Inter,0.155302185411353,11,10
Inter,0.162338313236897,11,11
Inter,0.157515576772851,11,12
Inter,0.241262974390552,12,1
Inter,0.189081247611819,12,2
Inter,0.304675632292812,12,3
Inter,0.216934155957151,12,4
Inter,0.201538303306565,12,5
Inter,0.189894192350207,12,6
Inter,0.170048179238478,13,1
Inter,0.188431317649243,13,2
Inter,0.184194112551985,13,3
Inter,0.159455787440257,13,4
Inter,0.177918774277192,13,5
Inter,0.176920830289909,13,6
Inter,0.181084556101815,13,7
Inter,0.193443221137596,13,8
Inter,0.189214280549663,13,9
Inter,0.183811408489708,13,10
Inter,0.180389730363603,13,11
Inter,0.149507452389556,13,12
Inter,0.199321976912068,13,13
Inter,0.194302030752483,13,14
Inter,0.165799606796977,13,15
Inter,0.171236092084424,13,16
Inter,0.165911277598719,13,17
Inter,0.163458635526197,13,18
Inter,0.156666849353267,13,19
Inter,0.171451260257656,13,20
Inter,0.168446090958361,13,21
Inter,0.165042917379073,13,22
Inter,0.169441431119914,13,23
Inter,0.166856295345565,13,24
Inter,0.147956972947607,13,25
Inter,0.152919404086167,13,26
Inter,0.14105897575537,13,27
Inter,0.174007593712534,13,28
Inter,0.17287515019695,13,29
Inter,0.352927018409671,13,30
Inter,0.189437602748448,14,1
Inter,0.174994038335975,14,2
Inter,0.187969431380649,14,3
Inter,0.155440664058586,15,1
Inter,0.178476938257977,15,2
Inter,0.187614160706945,15,3
Inter,0.229703956971824,15,4
Inter,0.210727998395293,15,5
Inter,0.177460095565262,15,6
Inter,0.20640005876193,15,7
Inter,0.183721194005271,15,8
Inter,0.155310322161965,15,9
Inter,0.182796220102065,15,10
Inter,0.179980013297422,15,11
Inter,0.18465020581803,15,12
Inter,0.173111464535572,15,13
Inter,0.190688906696902,15,14
Inter,0.17255377351644,15,15
Inter,0.178925871955008,15,16
Inter,0.161103631330951,15,17
Inter,0.416885885216133,15,18
Inter,0.183175569911039,15,19
Inter,0.364411954652766,15,20
Inter,0.202362707670546,15,21
Inter,0.188049061527899,15,22
Inter,0.182085814508501,15,23
Inter,0.177711848426439,15,24
Inter,0.153540135520543,15,25
Inter,0.173014088205186,15,26
Inter,0.174155094982065,15,27
Inter,0.187294397385831,15,28
Inter,0.176894791613679,15,29
Inter,0.176471611674745,15,30
Inter,0.171725962857467,15,31
Inter,0.170840461960594,15,32
Inter,0.149877431945807,15,33
Inter,0.181144050440498,15,34
Inter,0.190330549431435,15,35
Inter,0.184613427541229,15,36
Inter,0.203146275243628,15,37
Inter,0.17754849309504,15,38
Inter,0.174437393634931,15,39
Inter,0.185148288750175,15,40
Inter,0.168587468573624,17,1
Inter,0.171072138939699,17,2
Inter,0.160986682265774,17,3
Inter,0.179782146135344,17,4
Inter,0.172441893965948,17,5
Inter,0.157550464115123,17,6
Inter,0.175712488025477,17,7
Inter,0.160059763918676,17,8
Inter,0.15653029161672,17,9
Inter,0.168199759539849,17,10
Inter,0.160976133735337,17,11
Inter,0.159184349620308,17,12
Inter,0.172326884809118,17,13
Inter,0.162985538754209,17,14
Inter,0.154632505629721,17,15
Inter,0.17931445761427,17,16
Inter,0.173286847574542,17,17
Inter,0.15978686629968,17,18
Inter,0.170192314798743,17,19
Inter,0.171215177449731,17,20
Inter,0.160070902575946,17,21
Inter,0.152291762099266,18,1
Inter,0.152652145367567,18,2
Inter,0.143502361129214,18,3
Inter,0.151468609601231,18,4
Inter,0.166281077628414,18,5
Inter,0.153859126570482,18,6
Inter,0.159041389872603,18,7
Inter,0.172738839621718,18,8
Inter,0.174354954562278,18,9
Inter,0.154796950891486,18,10
Inter,0.17025888210312,18,11
Inter,0.17029532154874,18,12
Inter,0.157205458707209,18,13
Inter,0.151660757706926,18,14
Inter,0.187162603842984,19,1
Inter,0.177205260310683,19,2
Inter,0.174704141586826,19,3
Inter,0.192583138403775,19,4
Inter,0.175567236680343,19,5
Inter,0.16729364931283,19,6
Inter,0.185877164590052,20,1
Inter,0.198056767355544,20,2
Inter,0.191848162260373,20,3
Inter,0.182214398827755,20,4
Inter,0.187882608499001,20,5
Inter,0.171141307998359,20,6
Inter,0.170897094129925,21,1
Inter,0.186241622449358,21,2
Inter,0.173928508467817,21,3
Inter,0.166800697426445,21,4
Inter,0.179922377006964,21,5
Inter,0.191388729725431,21,6
Inter,0.186828155902993,21,7
Inter,0.168136339015167,21,8
Inter,0.167987524195394,21,9
Inter,0.182534507323889,21,10
Inter,0.209556280381059,21,11
Inter,0.286493370593307,21,12
Inter,0.182222223838651,21,13
Inter,0.174422509685218,21,14
Inter,0.192255889487575,21,15
Inter,0.26891975883147,21,16
Inter,0.366695659514101,21,17
Inter,0.184097961236643,21,18
Inter,0.176883734577035,21,19
Inter,0.194826330782076,21,20
Inter,0.20030408472882,21,21
Inter,0.55481196964267,21,22
Inter,0.184932099187554,21,23
Inter,0.191711504606909,21,24
Inter,0.200295027214998,21,25
Inter,0.172548230200371,21,26
Inter,0.193543415334983,21,27
Inter,0.190398820838869,21,28
Inter,0.205664916323869,21,29
Inter,0.192201002852405,21,30
Inter,0.174098286375477,21,31
Inter,0.193723715391769,21,32
Inter,0.187755172123521,21,33
Inter,0.186302713299992,21,34
Inter,0.188289063363417,21,35
Inter,0.171873585256722,22,1
Inter,0.175674996897738,22,2
Inter,0.182174822436453,22,3
Inter,0.161912301865947,22,4
Inter,0.161401220021616,22,5
Inter,0.163633975787371,22,6
Inter,0.167767608452416,22,7
Inter,0.164163879004627,22,8
Inter,0.172803196169865,22,9
Inter,0.177894885516784,22,10
Inter,0.189269220668355,22,11
Inter,0.163580927460975,22,12
Inter,0.176669574444773,23,1
Inter,0.23115660007579,23,2
Inter,0.205783159816264,23,3
Inter,0.176463835817766,23,4
Inter,0.193342110176055,23,5
Inter,0.168976463497188,2,1
Inter,0.164014255657082,2,2
Inter,0.157016596344679,2,3
Inter,0.161425539325098,2,4
Inter,0.171875880934469,2,5
Inter,0.157030681534773,2,6
Inter,0.169437047685462,2,7
Inter,0.164829360955892,2,8
Inter,0.173114603529935,2,9
Inter,0.163945728062557,2,10
Inter,0.168160582194895,2,11
Inter,0.170413172694428,2,12
Inter,0.167092529655268,2,13
Inter,0.169645927486899,2,14
Inter,0.172953708528863,2,15
Inter,0.173884438184299,2,16
Inter,0.173625310062158,2,17
Inter,0.155107121397979,2,18
Inter,0.160671379821639,6,1
Inter,0.157377337405949,6,2
Inter,0.162198615705319,6,3
Inter,0.156850871270136,6,4
Inter,0.152211650970845,7,1
Inter,0.156266598130651,7,2
Inter,0.160048354482754,7,3
Inter,0.154439065970718,7,4
Inter,0.163450627635485,7,5
Inter,0.157003329541175,7,6
Inter,0.147949907234409,7,7
Inter,0.153567803093528,7,8
Inter,0.161440135338619,7,9
Inter,0.152554160341578,7,10
Inter,0.162590431278819,7,11
Inter,0.154873244267817,7,12
Inter,0.164511636911118,8,1
Inter,0.152873479736453,8,2
Inter,0.168566237464649,8,3
Inter,0.166975354629777,8,4
Inter,0.162331558728624,8,5
Inter,0.155425129178594,8,6
Inter,0.162402779154207,8,7
Inter,0.173103961154428,8,8
Inter,0.166736668215392,8,9
Inter,0.162839187581798,8,10
Inter,0.16594924782044,8,11
Inter,0.173085156770346,8,12
Inter,0.188265811187589,8,13
Inter,0.160940078497566,8,14
Inter,0.167073606087812,8,15
Inter,0.189104853170033,8,16
Inter,0.184406185081198,8,17
Inter,0.162726043023544,8,18
Inter,0.177268009580483,8,19
Inter,0.175531718490668,8,20
Inter,0.175933587557191,8,21
Inter,0.159864038432931,8,22
Inter,0.176040978529066,8,23
Inter,0.172587011872384,8,24
Inter,0.191780802248691,8,25
Inter,0.154872795579393,8,26
Inter,0.181554976696891,8,27
Inter,0.182131929725025,8,28
Inter,0.194549113125918,8,29
Inter,0.164026181859614,8,30
Inter,0.174262469873041,8,31
Inter,0.18818975260531,8,32
Inter,0.175060715345809,8,33
Inter,0.158203465269263,8,34
Inter,0.171645675537869,8,35
Inter,0.179675076048631,8,36
Inter,0.173740040158591,8,37
Inter,0.159547435586157,8,38
Inter,0.161957428550985,8,39
Inter,0.187840486294292,8,40
Inter,0.174142114168573,8,41
Inter,0.159381224889216,8,42
Inter,0.169659500836368,8,43
Inter,0.20471115991861,8,44
Inter,0.173053694551258,8,45
Inter,0.161361578612675,8,46
Inter,0.169369662632036,8,47
Inter,0.190765358974126,8,48
Inter,0.166461013670888,9,1
Inter,0.166489395371598,9,2
Inter,0.172337175072366,9,3
Inter,0.172749086186194,9,4
Inter,0.158927542138822,9,5
Inter,0.167955580230162,9,6
Inter,0.164720600889822,9,7
Inter,0.170227146088207,9,8
Inter,0.164504142339989,9,9
Inter,0.159996628483647,9,10
Inter,0.164480959306522,9,11
Inter,0.171913721046061,9,12
Inter,0.156619007987509,10,1
Inter,0.15923117362146,10,2
Inter,0.158661478473924,10,3
Inter,0.160201371412033,10,4
Inter,0.15823266405758,10,5
Inter,0.160495807413401,10,6
Inter,0.161384416775061,10,7
Inter,0.162785189888729,11,1
Inter,0.163985512408873,11,2
Inter,0.160069272070744,11,3
Inter,0.171882430457611,15,1
Inter,0.178254836419896,15,2
Inter,0.178850017897965,15,3
Inter,0.169713244698984,15,4
Inter,0.201650568185815,15,5
Inter,0.174410012338127,16,1
Inter,0.157007456138507,16,2
Inter,0.151482744450904,16,3
Inter,0.158585692254204,16,4
Inter,0.161422476178942,16,5
Inter,0.166335683145953,16,6
Inter,0.179376931696463,17,1
Inter,0.173852188864569,17,2
Inter,0.174430970225071,17,3
Inter,0.170661300578965,17,4
Inter,0.174985704596349,17,5
Inter,0.18093997371401,17,6
Inter,0.176911058061185,17,7
Inter,0.150087650288851,18,1
Inter,0.157153036771083,18,2
Inter,0.16827861942239,18,3
Inter,0.163596553802347,18,4
Inter,0.182567919154298,19,1
Inter,0.194923187626824,19,2
Inter,0.171846955081538,19,3
Inter,0.201640301386762,19,4
Inter,0.186771049220168,19,5
Inter,0.201165300288993,19,6
Inter,0.194087288311852,19,7
Inter,0.236187815207837,19,8
Inter,0.159360062757725,21,1
Inter,0.166014749225302,21,2
Inter,0.164266170848307,21,3
Inter,0.165996574953448,21,4
Inter,0.156947716668142,21,5
Inter,0.157506407751315,21,6
Inter,0.171691298743139,21,7
Inter,0.175861376142645,21,8
Inter,0.161649444124684,21,9
Inter,0.164032858397163,21,10
Inter,0.171062483450305,21,11
Inter,0.172051002998625,21,12
Inter,0.158502659320621,21,13
Inter,0.169820863204955,21,14
Inter,0.163574162187824,21,15
Inter,0.18294869564326,21,16
Inter,0.169531167327807,21,17
Inter,0.1761862063898,21,18
Inter,0.18263452413903,21,19
Inter,0.179554985148828,21,20
Inter,0.174745183326549,21,21
Inter,0.186461039991763,21,22
Inter,0.181795420233177,21,23
Inter,0.187944656561779,21,24
Inter,0.151126530440712,21,25
Inter,0.177721768541188,21,26
Inter,0.173103029302586,21,27
Inter,0.179693687382205,21,28
Inter,0.178291717143695,21,29
Inter,0.18368136694975,21,30
Inter,0.177543804320428,21,31
Inter,0.187183481619725,21,32
Inter,0.176332596485766,21,33
Inter,0.186964785691606,21,34
Inter,0.194646730982777,21,35
Inter,0.190078912695284,21,36
Inter,0.171235623289297,21,37
Inter,0.181388167512245,21,38
Inter,0.181726572658037,21,39
Inter,0.182344572421218,21,40
Inter,0.188179172150489,21,41
Inter,0.201164764136997,21,42
Inter,0.209098052824987,21,43
Inter,0.203937296283841,21,44
Inter,0.200074157253334,21,45
Inter,0.196441273242906,21,46
Inter,0.189505377069168,21,47
Inter,0.182748268539781,21,48
Inter,0.175581150059769,21,49
Inter,0.195791108384814,21,50
Inter,0.209164757175931,21,51
Inter,0.198489039935347,21,52
Inter,0.197882002466916,21,53
Inter,0.196829781861416,21,54
Inter,0.189063671957712,21,55
Inter,0.181207967878859,21,56
Inter,0.177889036691185,22,1
Inter,0.175765060942526,22,2
Inter,0.166222269180782,22,3
Inter,0.17170308913224,22,4
Inter,0.163039546017529,22,5
Inter,0.168881461017866,22,6
Inter,0.164302308176032,22,7
Inter,0.172271523965492,22,8
Inter,0.157247481825605,22,9
Inter,0.160998504649369,22,10
Inter,0.157872212970958,22,11
Inter,0.153002504605205,22,12
Inter,0.182385011716376,22,13
Inter,0.177681431062636,22,14
Inter,0.17172624744995,22,15
Inter,0.164860966524195,22,16
Inter,0.167639712692788,22,17
Inter,0.155675103900041,22,18
Inter,0.185109193214662,1,1
Inter,0.179559429938039,1,2
Inter,0.164258065508036,1,3
Inter,0.167583464070923,2,1
Inter,0.15183136656372,2,2
Inter,0.145633919307113,2,3
Inter,0.150313884152654,2,4
Inter,0.173706575244728,2,5
Inter,0.168800897670807,2,6
Inter,0.153048033995151,2,7
Inter,0.160605194550161,2,8
Inter,0.177124423084278,2,9
Inter,0.155507261922794,2,10
Inter,0.174869717047622,2,11
Inter,0.163495190803036,2,12
Inter,0.156028693521187,2,13
Inter,0.160380309046144,2,14
Inter,0.15831942607077,2,15
Inter,0.149705575505746,2,16
Inter,0.163062173341959,2,17
Inter,0.152074841820256,2,18
Inter,0.164146357165023,2,19
Inter,0.168738163330454,2,20
Inter,0.152599003070444,2,21
Inter,0.192648457248979,2,22
Inter,0.16586496327545,2,23
Inter,0.163532347428578,2,24
Inter,0.154992252634893,2,25
Inter,0.161241769757912,2,26
Inter,0.150901814533288,2,27
Inter,0.164549153468556,2,28
Inter,0.156813773202202,2,29
Inter,0.163037003083363,2,30
Inter,0.17197558510592,2,31
Inter,0.171876700060875,2,32
Inter,0.171985348371533,2,33
Inter,0.165374069920516,2,34
Inter,0.163161773757371,2,35
Inter,0.149893246089231,2,36
Inter,0.167460876261202,2,37
Inter,0.1736171729977,2,38
Inter,0.161630085739142,2,39
Inter,0.149596381954592,2,40
Inter,0.164635323178155,2,41
Inter,0.164309266748918,2,42
Inter,0.151843127354953,2,43
Inter,0.172469947956564,2,44
Inter,0.165738865531469,2,45
Inter,0.152833133671253,2,46
Inter,0.166678627131902,2,47
Inter,0.168464021655225,2,48
Inter,0.158779007949774,2,49
Inter,0.170736557771859,2,50
Inter,0.156736293814997,2,51
Inter,0.175125081516611,2,52
Inter,0.173915142392164,2,53
Inter,0.166352304576599,2,54
Inter,0.178914680376114,2,55
Inter,0.164851495906311,2,56
Inter,0.149359262368801,2,57
Inter,0.160713367301086,2,58
Inter,0.162934749208095,2,59
Inter,0.147697417827189,2,60
Inter,0.170095085943417,2,61
Inter,0.148810444705831,2,62
Inter,0.179284761830564,2,63
Inter,0.171439175752247,2,64
Inter,0.160306147500586,2,65
Inter,0.16455451619741,2,66
Inter,0.170196445922965,2,67
Inter,0.154828836312507,2,68
Inter,0.147365124044318,2,69
Inter,0.151524556976284,2,70
Inter,0.159820374426136,2,71
Inter,0.153364739657111,2,72
Inter,0.151879522110363,2,73
Inter,0.164869039255502,2,74
Inter,0.167381081517797,2,75
Inter,0.164166077052605,2,76
Inter,0.166506701665209,2,77
Inter,0.179042062729762,2,78
Inter,0.163658722798985,2,79
Inter,0.164039335964563,2,80
Inter,0.156829262982288,2,81
Inter,0.167260769359321,2,82
Inter,0.156045099995896,2,83
Inter,0.156936738501618,2,84
Inter,0.172014779479459,2,85
Inter,0.166352527279109,2,86
Inter,0.165386398767552,2,87
Inter,0.182388488913274,2,88
Inter,0.179933739850854,2,89
Inter,0.159300829545618,2,90
Inter,0.162600250461451,2,91
Inter,0.154178132849583,2,92
Inter,0.159028247203377,2,93
Inter,0.147566139654928,2,94
Inter,0.157983389955859,2,95
Inter,0.159746635715434,2,96
Inter,0.155319198623526,2,97
Inter,0.154997230039263,2,98
Inter,0.182039073337651,2,99
Inter,0.172275022303588,3,1
Inter,0.179076760045373,3,2
Inter,0.175836967647385,3,3
Inter,0.194891766102969,3,4
Inter,0.182166983481423,3,5
Inter,0.175919462814134,3,6
Inter,0.171874982888386,3,7
Inter,0.172299139071825,3,8
Inter,0.158753256601281,3,9
Inter,0.171802956995336,3,10
Inter,0.164519298025337,3,11
Inter,0.170488682484704,3,12
Inter,0.165531479913029,3,13
Inter,0.161780556724205,3,14
Inter,0.168879755961154,3,15
Inter,0.167815880160094,3,16
Inter,0.168078572340909,3,17
Inter,0.173899208434083,3,18
Inter,0.156047353066013,3,19
Inter,0.158458105368002,3,20
Inter,0.165290127945947,3,21
Inter,0.171654570943585,3,22
Inter,0.167992323565099,3,23
Inter,0.157143909463875,3,24
Inter,0.173178620123349,3,25
Inter,0.164190175734186,3,26
Inter,0.17347438580621,3,27
Inter,0.190288100063592,3,28
Inter,0.178503442909548,3,29
Inter,0.174333833194988,3,30
Inter,0.169957744043103,3,31
Inter,0.166866685992297,3,32
Inter,0.162198389774356,3,33
Inter,0.17539623359713,3,34
Inter,0.179573715980722,3,35
Inter,0.17006467963461,3,36
Inter,0.17793109706754,3,37
Inter,0.174403632198684,3,38
Inter,0.172467190319222,3,39
Inter,0.18556028550892,3,40
Inter,0.177712109896298,3,41
Inter,0.167273151045964,3,42
Inter,0.171117990004864,3,43
Inter,0.170876518803468,3,44
Inter,0.161896361965672,3,45
Inter,0.172706192224516,3,46
Inter,0.172373178099049,3,47
Inter,0.163989348377596,3,48
Inter,0.14759925002621,4,1
Inter,0.170404407374453,4,2
Inter,0.148896079716866,4,3
Inter,0.136279749958987,4,4
Inter,0.15851194270007,4,5
Inter,0.15699983373428,4,6
Inter,0.175682507477523,4,7
Inter,0.164900104675038,4,8
Inter,0.154877672107348,4,9
Inter,0.184617098512487,4,10
Inter,0.216057784036525,4,11
Inter,0.184443342883302,4,12
Inter,0.166919975156666,4,13
Inter,0.204032360857552,4,14
Inter,0.184842679542103,4,15
Inter,0.174597978038335,4,16
Inter,0.203012049092236,4,17
Inter,0.171525004892943,4,18
Inter,0.150695130655935,4,19
Inter,0.154679562482502,4,20
Inter,0.148190617671935,4,21
Inter,0.159747313016153,5,1
Inter,0.146698896000019,5,2
Inter,0.15009230904701,5,3
Inter,0.15717908395587,5,4
Inter,0.155762242439216,5,5
Inter,0.163759950612364,5,6
Inter,0.167428420915135,5,7
Inter,0.16244714193273,5,8
Inter,0.162703977849023,5,9
Inter,0.172233305008433,5,10
Inter,0.147988199020403,5,11
Inter,0.165526903147007,5,12
Inter,0.162612142771136,5,13
Inter,0.168857434499093,5,14
Inter,0.150355456303371,5,15
Inter,0.158609089601615,5,16
Inter,0.165116092800302,5,17
Inter,0.153496526366733,5,18
Inter,0.150648682954445,5,19
Inter,0.153009303703131,5,20
Inter,0.157646677851294,5,21
Inter,0.164617306248874,5,22
Inter,0.160202491036475,5,23
Inter,0.156752094154184,5,24
Inter,0.164930615874806,5,25
Inter,0.156053876975594,5,26
Inter,0.158180974375012,5,27
Inter,0.155453712671707,5,28
Inter,0.165659671506712,5,29
Inter,0.16204646980332,5,30
Inter,0.151715032436132,5,31
Inter,0.165165605163974,5,32
Inter,0.154712502670169,5,33
Inter,0.161429108696918,5,34
Inter,0.151369705046716,5,35
Inter,0.154594472146376,6,1
Inter,0.318388756598925,6,2
Inter,0.158727364015336,6,3
Inter,0.15702617000271,6,4
Inter,0.151762819196533,6,5
Inter,0.352616748426482,6,6
Inter,0.168885180156591,6,7
Inter,0.181421255082502,6,8
Inter,0.163017729476547,6,9
Inter,0.167257362772749,6,10
Inter,0.162274466826892,6,11
Inter,0.179365130087626,6,12
Inter,0.164566802207846,6,13
Inter,0.144009818951397,6,14
Inter,0.16401174710147,6,15
Inter,0.155181560176883,6,16
Inter,0.161418328471576,6,17
Inter,0.157623356374098,6,18
Inter,0.158684599913719,6,19
Inter,0.275566889709419,6,20
Inter,0.1682409051667,6,21
Inter,0.17000775149768,6,22
Inter,0.158120881221461,6,23
Inter,0.283594048010452,6,24
Inter,0.163709838397775,7,1
Inter,0.14785470353457,7,2
Inter,0.1678993470735,7,3
Inter,0.150282992284544,7,4
Inter,0.176057680369168,8,1
Inter,0.158806086317923,8,2
Inter,0.172048168032987,8,3
Inter,0.16895751678193,8,4
Inter,0.165828748710975,8,5
Inter,0.15859835520461,8,6
Inter,0.179502765299375,8,7
Inter,0.159706268279318,8,8
Inter,0.168323450623057,8,9
Inter,0.155343274519815,8,10
Inter,0.167924365521053,8,11
Inter,0.166187846736464,8,12
Inter,0.177726550391411,8,13
Inter,0.161884078822191,8,14
Inter,0.203684924915587,8,15
Inter,0.174459401366871,8,16
Inter,0.175186823007932,8,17
Inter,0.157071815226802,8,18
Inter,0.189813322973247,8,19
Inter,0.16711780045215,8,20
Inter,0.172368349892868,8,21
Inter,0.163553401800408,8,22
Inter,0.187412277373383,8,23
Inter,0.161648774528448,8,24
Inter,0.183589053453489,8,25
Inter,0.158643584609412,8,26
Inter,0.200105504654509,8,27
Inter,0.175097169956108,8,28
Inter,0.191304533159707,8,29
Inter,0.166130009020734,8,30
Inter,0.216023158603216,8,31
Inter,0.183124103153801,8,32
Inter,0.180087018366514,8,33
Inter,0.159979375884315,8,34
Inter,0.173160082058784,8,35
Inter,0.172050301983788,8,36
Inter,0.176340636478373,8,37
Inter,0.171865261454014,8,38
Inter,0.172765597265096,8,39
Inter,0.175059612552178,8,40
Inter,0.174792316112054,8,41
Inter,0.154135015825907,8,42
Inter,0.202692454686515,8,43
Inter,0.183575834243628,8,44
Inter,0.161733505465619,8,45
Inter,0.165340169111634,8,46
Inter,0.17770070935839,8,47
Inter,0.191838826872243,8,48
Inter,0.167797442835551,9,1
Inter,0.156795871496031,9,2
Inter,0.154639489579,9,3
Inter,0.16129211547513,9,4
Inter,0.171573263070243,9,5
Inter,0.163142128174796,9,6
Inter,0.16461641558006,9,7
Inter,0.156382542982487,9,8
Inter,0.159696900519514,9,9
Inter,0.159334516645344,9,10
Inter,0.162760536871977,9,11
Inter,0.155892001288766,9,12
Inter,0.161998409529397,9,13
Inter,0.156204351860434,9,14
Inter,0.158281524023518,9,15
Inter,0.162218882468233,9,16
Inter,0.161197841904893,9,17
Inter,0.163893291664125,9,18
Inter,0.158005425643065,10,1
Inter,0.15822355859464,10,2
Inter,0.155098256957166,10,3
Inter,0.159205978924194,10,4
Inter,0.157737759555287,10,5
Inter,0.151227923830035,10,6
Inter,0.157834092787617,11,1
Inter,0.143786005376313,11,2
Inter,0.165851584002216,11,3
Inter,0.147927527121194,11,4
Inter,0.16166826371209,11,5
Inter,0.156384637013429,11,6
Inter,0.181336759242409,13,1
Inter,0.181108232521069,13,2
Inter,0.165389747863189,13,3
Inter,0.165650572507853,13,4
Inter,0.164054378000138,13,5
Inter,0.163401848058324,13,6
Inter,0.157608063599665,13,7
Inter,0.160985798149177,13,8
Inter,0.178313665128278,15,1
Inter,0.175831824381468,15,2
Inter,0.173365871550498,15,3
Inter,0.170787591075679,15,4
Inter,0.166618447407675,15,5
Inter,0.162078732231809,15,6
Inter,0.161267134276805,15,7
Inter,0.195128538315955,15,8
Inter,0.176584314691724,15,9
Inter,0.176967703460309,15,10
Inter,0.159320815008129,15,11
Inter,0.176096500808923,15,12
Inter,0.170522514681211,15,13
Inter,0.172831979301591,15,14
Inter,0.163863374528926,15,15
Inter,0.187994626657608,15,16
Inter,0.186032583344468,15,17
Inter,0.182092289915543,15,18
Inter,0.175197501651479,15,19
Inter,0.172856354878631,15,20
Inter,0.178293118571177,15,21
Inter,0.17368499004061,15,22
Inter,0.175796938297374,15,23
Inter,0.198500318436785,15,24
Inter,0.163465302746758,15,25
Inter,0.167972787533336,15,26
Inter,0.156816082353473,15,27
Inter,0.161068040042405,15,28
Inter,0.162702856755702,15,29
Inter,0.164504587653365,15,30
Inter,0.154454995101793,15,31
Inter,0.17883197852785,15,32
Inter,0.173180395431673,15,33
Inter,0.187408315889112,15,34
Inter,0.171499701689595,15,35
Inter,0.167992105438633,15,36
Inter,0.163845954346209,15,37
Inter,0.161763813310898,15,38
Inter,0.168876181249031,15,39
Inter,0.182516732706254,15,40
Inter,0.168545061949465,16,1
Inter,0.160047297971733,16,2
Inter,0.17336286916725,17,1
Inter,0.171469816556683,17,2
Inter,0.171295026186224,17,3
Inter,0.172302311844604,17,4
Inter,0.168659405986434,17,5
Inter,0.163762075616134,17,6
Inter,0.165825654642753,17,7
Inter,0.16260288013874,17,8
Inter,0.168377101002799,17,9
Inter,0.163696422107196,17,10
Inter,0.162575402196257,17,11
Inter,0.171385060156028,17,12
Inter,0.166520057014885,17,13
Inter,0.164965861187049,17,14
Inter,0.151763956454235,18,1
Inter,0.14236142992937,18,2
Inter,0.14177047315041,18,3
Inter,0.148846878898883,18,4
Inter,0.133854282318211,18,5
Inter,0.131859522423501,18,6
Inter,0.157469645024553,18,7
Inter,0.196286614816769,18,8
Inter,0.154054146288144,18,9
Inter,0.159826311607725,18,10
Inter,0.170118224966888,18,11
Inter,0.185457424658694,18,12
Inter,0.172914395416421,19,1
Inter,0.193585432618188,19,2
Inter,0.205922296199518,19,3
Inter,0.190363451561538,19,4
Inter,0.158289599117276,21,1
Inter,0.169328001857957,21,2
Inter,0.153945608805463,21,3
Inter,0.173077858046927,21,4
Inter,0.160558519825259,21,5
Inter,0.198741745672961,21,6
Inter,0.161037063848965,21,7
Inter,0.185104645351587,21,8
Inter,0.165833016605444,21,9
Inter,0.216779043311167,21,10
Inter,0.168560836820487,21,11
Inter,0.191623425227448,21,12
Inter,0.16529628557206,21,13
Inter,0.183123084049099,21,14
Inter,0.165040264710418,22,1
Inter,0.158022899932077,22,2
Inter,0.150999729440616,22,3
Inter,0.152046306256165,22,4
Inter,0.196758416235668,22,5
Inter,0.166496213787077,22,6
Inter,0.154236983560034,22,7
Inter,0.160155365084781,22,8
Inter,0.149026230504024,22,9
Inter,0.157858549682631,22,10
Inter,0.174877506974126,22,11
Inter,0.155260430303243,22,12
Inter,0.157318697314451,22,13
Inter,0.151229801429049,22,14
Inter,0.150784974553047,22,15
Inter,0.156258290947596,22,16
Inter,0.205220466763055,22,17
Inter,0.170539135414001,22,18
Inter,0.172045136062557,23,1
Inter,0.176268650026588,2,1
Inter,0.184827180221395,2,2
Inter,0.171461525804798,2,3
Inter,0.169401398429719,2,4
Inter,0.156659626902335,2,5
Inter,0.14994754893666,2,6
Inter,0.164058629165601,2,7
Inter,0.167753169266686,2,8
Inter,0.168169299466824,2,9
Inter,0.184819847677986,2,10
Inter,0.166031945358872,2,11
Inter,0.182345235731936,2,12
Inter,0.19480297301712,2,13
Inter,0.169759517713348,2,14
Inter,0.17039845443084,2,15
Inter,0.170870708893806,2,16
Inter,0.1699999547721,2,17
Inter,0.168326757444936,2,18
Inter,0.154715896613023,4,1
Inter,0.134975552157357,4,2
Inter,0.15974108928557,4,3
Inter,0.21013913664818,4,4
Inter,0.174347483277347,4,5
Inter,0.170774092044327,4,6
Inter,0.155473247316235,4,7
Inter,0.158975033769766,4,8
Inter,0.155285311766087,4,9
Inter,0.169449681658128,4,10
Inter,0.170976294668379,4,11
Inter,0.17105624372755,4,12
Inter,0.159391870353058,4,13
Inter,0.142568153657942,4,14
Inter,0.154421289301324,4,15
Inter,0.146283044011074,4,16
Inter,0.152679698407235,4,17
Inter,0.173286625121201,4,18
Inter,0.169846371848256,4,19
Inter,0.168704059750654,4,20
Inter,0.164809045849955,4,21
Inter,0.153446365458023,4,22
Inter,0.156011582525039,4,23
Inter,0.172035042981178,4,24
Inter,0.185288038052238,4,25
Inter,0.183332630421149,4,26
Inter,0.17452612069514,4,27
Inter,0.16748526473225,4,28
Inter,0.15903817081535,4,29
Inter,0.143645650992544,4,30
Inter,0.17561887841418,4,31
Inter,0.185193968817602,4,32
Inter,0.176137408685222,4,33
Inter,0.172528958389348,4,34
Inter,0.156281979850097,4,35
Inter,0.159677765887422,4,36
Inter,0.142967313368003,4,37
Inter,0.168413843804692,4,38
Inter,0.193877539341347,4,39
Inter,0.173956687222098,4,40
Inter,0.172845860244877,4,41
Inter,0.162005015263578,4,42
Inter,0.166081216196575,5,1
Inter,0.159924763845915,5,2
Inter,0.15371215380621,5,3
Inter,0.147459469147615,5,4
Inter,0.174502745626795,5,5
Inter,0.17267379602788,5,6
Inter,0.154035124479422,5,7
Inter,0.16369576728296,5,8
Inter,0.161634609467393,5,9
Inter,0.159175190856832,5,10
Inter,0.159900223273503,5,11
Inter,0.185828149452572,5,12
Inter,0.152123723112308,5,13
Inter,0.153657192111814,5,14
Inter,0.164752062906406,5,15
Inter,0.165861787076178,5,16
Inter,0.159184860046207,5,17
Inter,0.159568981293119,5,18
Inter,0.175123428327087,5,19
Inter,0.170146837262742,5,20
Inter,0.152896656724363,5,21
Inter,0.160870915794162,5,22
Inter,0.167899424553283,5,23
Inter,0.153270846490191,5,24
Inter,0.142089781895065,5,25
Inter,0.179540370240927,5,26
Inter,0.160251509722968,5,27
Inter,0.143135260723077,5,28
Inter,0.170153292329146,5,29
Inter,0.17007093180387,5,30
Inter,0.156563911706847,5,31
Inter,0.153046172571331,5,32
Inter,0.181919185765235,5,33
Inter,0.160086351876226,5,34
Inter,0.156227895714608,5,35
Inter,0.164321150028956,5,36
Inter,0.17001233208868,5,37
Inter,0.160283946522217,5,38
Inter,0.148908846006146,5,39
Inter,0.20136272520788,5,40
Inter,0.171733118425047,5,41
Inter,0.159705662090625,5,42
Inter,0.170438166764839,5,43
Inter,0.173680814152914,5,44
Inter,0.151056126129274,5,45
Inter,0.153384206563743,5,46
Inter,0.179289285087914,5,47
Inter,0.164216194118811,5,48
Inter,0.146964917034848,5,49
Inter,0.179177735564031,5,50
Inter,0.174291053404058,5,51
Inter,0.157469279500162,5,52
Inter,0.147880115044404,5,53
Inter,0.203248012912965,5,54
Inter,0.16126302544505,5,55
Inter,0.147162564615929,5,56
Inter,0.178297825287034,5,57
Inter,0.178389665177085,5,58
Inter,0.148973698451962,5,59
Inter,0.152967670181287,5,60
Inter,0.183852093423204,5,61
Inter,0.164466871073457,5,62
Inter,0.160152916765438,5,63
Inter,0.164140765381902,5,64
Inter,0.165976077540841,5,65
Inter,0.158172577111454,5,66
Inter,0.147986583860293,5,67
Inter,0.177623343366559,5,68
Inter,0.166132863448527,5,69
Inter,0.150852195654498,5,70
Inter,0.161867508788988,5,71
Inter,0.165579847542402,5,72
Inter,0.154276392702431,5,73
Inter,0.162820670993263,5,74
Inter,0.197868325060317,5,75
Inter,0.175427023088932,5,76
Inter,0.16187484075631,5,77
Inter,0.160303145602588,5,78
Inter,0.170184644130703,5,79
Inter,0.150443542647115,5,80
Inter,0.153014801675824,5,81
Inter,0.198285417301037,5,82
Inter,0.169171539302072,5,83
Inter,0.153889048517891,5,84
Inter,0.156689098079987,5,85
Inter,0.153235245548889,5,86
Inter,0.160519347642213,5,87
Inter,0.149309241038465,5,88
Inter,0.157436891911634,5,89
Inter,0.162984614976366,5,90
Inter,0.149056629842773,5,91
Inter,0.151964574359243,5,92
Inter,0.151294145161867,5,93
Inter,0.15148369250455,5,94
Inter,0.152393725694087,5,95
Inter,0.163095981204283,5,96
Inter,0.163961822018027,5,97
Inter,0.15104994084826,5,98
Inter,0.157273010813458,6,1
Inter,0.16344772050711,6,2
Inter,0.163096533002337,6,3
Inter,0.165073373630289,6,4
Inter,0.157802136268097,6,5
Inter,0.161134241062742,6,6
Inter,0.15200777605409,6,7
Inter,0.16050449749193,6,8
Inter,0.160441956930099,6,9
Inter,0.16660356288067,6,10
Inter,0.157793004252826,6,11
Inter,0.170400562323844,6,12
Inter,0.153694662854488,6,13
Inter,0.169316149770615,6,14
Inter,0.162033272751612,6,15
Inter,0.164758674865324,6,16
Inter,0.151940800088631,6,17
Inter,0.166822270900351,6,18
Inter,0.154703614262382,6,19
Inter,0.171342091219425,6,20
Inter,0.164448958424877,6,21
Inter,0.165763508618354,6,22
Inter,0.160099507461173,6,23
Inter,0.169626827311313,6,24
Inter,0.333046952932901,6,25
Inter,0.185286136670973,6,26
Inter,0.15421614866204,6,27
Inter,0.269888569057178,6,28
Inter,0.16873707831742,6,29
Inter,0.155582524219724,6,30
Inter,0.169256904043729,6,31
Inter,0.168813491638854,6,32
Inter,0.149528041973692,6,33
Inter,0.163527287606879,6,34
Inter,0.159692334842247,6,35
Inter,0.156034803615538,6,36
Inter,0.167200256311383,6,37
Inter,0.162149083153396,6,38
Inter,0.166445141337365,6,39
Inter,0.160181054480062,6,40
Inter,0.164795486890824,6,41
Inter,0.153113078935931,6,42
Inter,0.157411979212308,6,43
Inter,0.158412068172769,6,44
Inter,0.162666940052089,6,45
Inter,0.152494826768855,6,46
Inter,0.155602236082296,6,47
Inter,0.16884385704635,6,48
Inter,0.159452179666327,7,1
Inter,0.171876322752325,7,2
Inter,0.164783112702683,7,3
Inter,0.164247164200563,7,4
Inter,0.163664737989791,7,5
Inter,0.164867702336155,7,6
Inter,0.167107913688534,7,7
Inter,0.163487787221717,7,8
Inter,0.168468421736213,7,9
Inter,0.170987447030464,7,10
Inter,0.170529418479604,7,11
Inter,0.170906615966382,7,12
Inter,0.154691633505182,7,13
Inter,0.150402946941528,7,14
Inter,0.155147407081551,7,15
Inter,0.158983506158491,7,16
Inter,0.164782476807682,7,17
Inter,0.170526791231383,7,18
Inter,0.162981346693786,7,19
Inter,0.180172196421113,7,20
Inter,0.158595204946005,7,21
Inter,0.160350088421741,7,22
Inter,0.170179639039755,7,23
Inter,0.164233172327373,7,24
Inter,0.173228695397141,7,25
Inter,0.166274036005758,7,26
Inter,0.165721022535764,7,27
Inter,0.16965229368228,7,28
Inter,0.15855655298135,7,29
Inter,0.170181632161356,7,30
Inter,0.165271362514463,7,31
Inter,0.168091132293599,7,32
Inter,0.160863773042662,7,33
Inter,0.172318404932318,7,34
Inter,0.16970153166727,7,35
Inter,0.166787455866204,7,36
Inter,0.154201960535046,7,37
Inter,0.16159967624597,7,38
Inter,0.164306240044432,7,39
Inter,0.17499228805825,7,40
Inter,0.163037020036921,7,41
Inter,0.174197393923621,7,42
Inter,0.165697095154303,7,43
Inter,0.170492448793612,7,44
Inter,0.163499635222189,7,45
Inter,0.179637770157238,7,46
Inter,0.163217698123256,7,47
Inter,0.158542021854612,7,48
Inter,0.172517807238074,7,49
Inter,0.1688403728174,7,50
Inter,0.150305351860731,7,51
Inter,0.15577695547908,7,52
Inter,0.163354369393863,7,53
Inter,0.166162073438965,7,54
Inter,0.157043944984438,7,55
Inter,0.158603466319114,7,56
Inter,0.15125789417141,7,57
Inter,0.152185025562674,7,58
Inter,0.169489472339125,7,59
Inter,0.169201204321892,7,60
Inter,0.176874842730794,8,1
Inter,0.174348719047519,8,2
Inter,0.177876002676393,8,3
Inter,0.192314317284334,8,4
Inter,0.18157617282432,8,5
Inter,0.180249834966533,8,6
Inter,0.179639315719578,8,7
Inter,0.184661478196705,8,8
Inter,0.173955235002674,8,9
Inter,0.167703211603158,8,10
Inter,0.188863568065957,8,11
Inter,0.179041943121398,8,12
Inter,0.168653393610836,8,13
Inter,0.170179499872528,8,14
Inter,0.165376569089648,8,15
Inter,0.181959521598199,8,16
Inter,0.179044387280491,8,17
Inter,0.17739186524665,8,18
Inter,0.182550631939905,8,19
Inter,0.18601271253847,8,20
Inter,0.166632495032554,8,21
Inter,0.162751177672943,8,22
Inter,0.189482491732021,8,23
Inter,0.177085547896873,8,24
Inter,0.178286281796628,8,25
Inter,0.163211705641263,8,26
Inter,0.166923007467731,8,27
Inter,0.167781467504426,8,28
Inter,0.169583422859735,8,29
Inter,0.171684555976079,8,30
Inter,0.182604455003451,8,31
Inter,0.181532923976157,8,32
Inter,0.166191001436964,8,33
Inter,0.170505352374424,8,34
Inter,0.173261027517716,8,35
Inter,0.168766885081741,8,36
Inter,0.16554716547704,8,37
Inter,0.166312432145755,8,38
Inter,0.167091756716736,8,39
Inter,0.155273534668938,8,40
Inter,0.171688829293886,8,41
Inter,0.167247419193151,8,42
Inter,0.16570794311517,8,43
Inter,0.177846436199431,8,44
Inter,0.16742318338699,8,45
Inter,0.154667086302844,8,46
Inter,0.16902711452883,8,47
Inter,0.169807949367735,8,48
Inter,0.159748940406417,8,49
Inter,0.180269977057049,8,50
Inter,0.166866623541285,8,51
Inter,0.174767029371843,8,52
Inter,0.180047097217321,8,53
Inter,0.175700298370348,8,54
Inter,0.172736722013438,8,55
Inter,0.197052785404093,8,56
Inter,0.182043998475509,8,57
Inter,0.186254982790006,8,58
Inter,0.187338292427348,8,59
Inter,0.181427947925898,8,60
Inter,0.169946866757747,8,61
Inter,0.171311470272924,8,62
Inter,0.178443324383392,8,63
Inter,0.183563975836083,8,64
Inter,0.175529214975505,8,65
Inter,0.170485373513043,8,66
Inter,0.170353061836854,8,67
Inter,0.192227568033577,8,68
Inter,0.177174854925674,8,69
Inter,0.179050394918069,8,70
Inter,0.176920758549916,8,71
Inter,0.192516449911929,8,72
Inter,0.17513675422781,8,73
Inter,0.163131177841886,8,74
Inter,0.171263781691286,8,75
Inter,0.192961294732796,8,76
Inter,0.179378086104657,8,77
Inter,0.186109075601037,8,78
Inter,0.201310756460467,8,79
Inter,0.190524089969887,8,80
Inter,0.175667144975608,8,81
Inter,0.170702997411666,8,82
Inter,0.199560763537038,8,83
Inter,0.212687255460962,8,84
Inter,0.181883779050682,8,85
Inter,0.184200802350774,8,86
Inter,0.172980059427878,8,87
Inter,0.202965504528336,8,88
Inter,0.178172994383495,8,89
Inter,0.200578713445251,8,90
Inter,0.206155525246795,8,91
Inter,0.192252119190632,8,92
Inter,0.179960409506089,8,93
Inter,0.172894173209093,8,94
Inter,0.228875655897711,8,95
Inter,0.267209630244764,8,96
Inter,0.176312794978912,8,97
Inter,0.177031431627149,8,98
Inter,0.1476845041595,8,99
Inter,0.208729781566241,8,100
Inter,0.177254357274238,8,101
Inter,0.180783344917784,8,102
Inter,0.206877590912916,8,103
Inter,0.197518123312273,8,104
Inter,0.178945992196855,8,105
Inter,0.164068797470518,8,106
Inter,0.395585190711417,8,107
Inter,0.260741140999724,8,108
Inter,0.182007166560735,9,1
Inter,0.187221308770461,9,2
Inter,0.16482718694741,9,3
Inter,0.179258987508316,9,4
Inter,0.17308496953262,9,5
Inter,0.163498342175636,9,6
Inter,0.171249413253517,9,7
Inter,0.177416336573351,9,8
Inter,0.168199885407016,9,9
Inter,0.170130840480487,9,10
Inter,0.174154663155813,9,11
Inter,0.157147620263161,9,12
Inter,0.180281325759894,9,13
Inter,0.178076918743079,9,14
Inter,0.167305218876888,9,15
Inter,0.184494556827697,9,16
Inter,0.177389152710143,9,17
Inter,0.163949325374169,9,18
Inter,0.17726757958455,9,19
Inter,0.176824427677875,9,20
Inter,0.165561885766757,9,21
Inter,0.174588596288184,9,22
Inter,0.170499379400114,9,23
Inter,0.159379397750164,9,24
Inter,0.168955546869234,9,25
Inter,0.184284705920188,9,26
Inter,0.173584135109945,9,27
Inter,0.170337853910151,9,28
Inter,0.166193728438011,9,29
Inter,0.16679192998474,9,30
Inter,0.180373552333291,9,31
Inter,0.165569302549197,9,32
Inter,0.162594462699795,9,33
Inter,0.173274239855711,9,34
Inter,0.164456218898776,9,35
Inter,0.160751937761572,9,36
Inter,0.164305854457647,9,37
Inter,0.180943600832005,9,38
Inter,0.165816814494606,9,39
Inter,0.184726846872749,9,40
Inter,0.163312722244085,9,41
Inter,0.161307384037305,9,42
Inter,0.177953449162359,9,43
Inter,0.170439982492464,9,44
Inter,0.180557342660436,9,45
Inter,0.189374665709947,9,46
Inter,0.169680080944135,9,47
Inter,0.16831776998165,9,48
Inter,0.170524282444489,9,49
Inter,0.178364034409031,9,50
Inter,0.177454230792633,9,51
Inter,0.185068198343314,9,52
Inter,0.17443615472147,9,53
Inter,0.161062157100941,9,54
Inter,0.172269127677958,9,55
Inter,0.168018779613729,9,56
Inter,0.167749338562323,9,57
Inter,0.169247649525407,9,58
Inter,0.165411038691576,9,59
Inter,0.169172159024235,9,60
Inter,0.152452932695691,9,61
Inter,0.162898247161827,9,62
Inter,0.157631237071538,9,63
Inter,0.15911754523188,9,64
Inter,0.15761284976021,9,65
Inter,0.155522443003334,9,66
Inter,0.163258303801976,9,67
Inter,0.169100133506072,9,68
Inter,0.162121482431499,9,69
Inter,0.163072781741234,9,70
Inter,0.161613902204665,9,71
Inter,0.16780764315946,9,72
Inter,0.165790892429047,9,73
Inter,0.166318054575131,9,74
Inter,0.16928415940232,9,75
Inter,0.181957475513287,9,76
Inter,0.160862030849381,9,77
Inter,0.161224337834425,9,78
Inter,0.173510076254203,9,79
Inter,0.164844781566641,9,80
Inter,0.175245613473058,9,81
Inter,0.169095220928326,9,82
Inter,0.168281472428704,9,83
Inter,0.173191637142605,9,84
Inter,0.161325099546086,9,85
Inter,0.158667574517555,9,86
Inter,0.158037103112396,9,87
Inter,0.155685123557512,9,88
Inter,0.158460713374926,9,89
Inter,0.151675550921126,9,90
Inter,0.158250079667506,9,91
Inter,0.156502934423729,9,92
Inter,0.163068696538129,9,93
Inter,0.158799733491444,9,94
Inter,0.154401937140772,9,95
Inter,0.158703599366418,9,96
Inter,0.153187682087226,10,1
Inter,0.161395313482408,10,2
Inter,0.155107177439392,10,3
Inter,0.152761644354774,10,4
Inter,0.157109094971449,10,5
Inter,0.172406696968496,10,6
Inter,0.152580078243594,10,7
Inter,0.146986816360801,10,8
Inter,0.163986803278835,10,9
Inter,0.158400473693917,10,10
Inter,0.15287611999381,10,11
Inter,0.151297412150865,10,12
Inter,0.160991224422948,10,13
Inter,0.162107602932157,10,14
Inter,0.460797854009959,10,15
Inter,0.156809113005363,10,16
Inter,0.147881180307883,10,17
Inter,0.160054805345888,10,18
Inter,0.152445137216144,10,19
Inter,0.150889115099593,10,20
Inter,0.166014803770629,10,21
Inter,0.192815336147046,10,22
Inter,0.160880973684098,10,23
Inter,0.157422173486062,10,24
Inter,0.161336585238386,10,25
Inter,0.1555422617081,10,26
Inter,0.15298591487741,10,27
Inter,0.157000665455347,11,1
Inter,0.158829603713919,11,2
Inter,0.168757039560782,11,3
Inter,0.152538193361054,11,4
Inter,0.156434866107625,11,5
Inter,0.158959460410558,11,6
Inter,0.153470556133013,11,7
Inter,0.157766884525544,11,8
Inter,0.154915878772386,11,9
Inter,0.161516303511827,11,10
Inter,0.156039858560125,11,11
Inter,0.164073566445704,11,12
Inter,0.153122789260259,11,13
Inter,0.156650512376809,11,14
Inter,0.1590020947599,11,15
Inter,0.16339992864049,11,16
Inter,0.157538796115175,11,17
Inter,0.163221714125992,11,18
Inter,0.154239576937747,11,19
Inter,0.167683125998859,12,1
Inter,0.150109072260082,12,2
Inter,0.157197443792041,12,3
Inter,0.142334675764027,12,4
Inter,0.153608786754754,12,5
Inter,0.15542806518767,12,6
Inter,0.182784214872294,13,1
Inter,0.171417083346619,13,2
Inter,0.169573580433864,13,3
Inter,0.155485461493901,13,4
Inter,0.181386376140891,15,1
Inter,0.177690306277473,15,2
Inter,0.184062677981284,15,3
Inter,0.158995076869604,15,4
Inter,0.175133431040412,15,5
Inter,0.177506384999574,15,6
Inter,0.167796630379704,15,7
Inter,0.175347903336539,15,8
Inter,0.178419940629025,15,9
Inter,0.179511896677314,15,10
Inter,0.174505653100335,15,11
Inter,0.179936243286345,15,12
Inter,0.201658870014183,15,13
Inter,0.173658982102707,15,14
Inter,0.182863291890025,15,15
Inter,0.177973330883242,15,16
Inter,0.173691098445682,15,17
Inter,0.181331713223066,15,18
Inter,0.169069841095639,15,19
Inter,0.182956334391404,15,20
Inter,0.176313643587874,15,21
Inter,0.179751637968474,15,22
Inter,0.190073410201335,15,23
Inter,0.161187337713325,15,24
Inter,0.172649256597811,15,25
Inter,0.180997990093756,15,26
Inter,0.186735630945651,15,27
Inter,0.188103425643775,15,28
Inter,0.170313411109109,15,29
Inter,0.188512410087058,15,30
Inter,0.169184560051835,15,31
Inter,0.169154235346337,15,32
Inter,0.174226428566697,15,33
Inter,0.164383602734069,15,34
Inter,0.168984679395636,15,35
Inter,0.174987292905573,15,36
Inter,0.169033535082248,15,37
Inter,0.182987237614001,15,38
Inter,0.167082941590785,15,39
Inter,0.18231455325572,15,40
Inter,0.175257052333717,15,41
Inter,0.169506949055544,15,42
Inter,0.185539531454872,15,43
Inter,0.155803094773511,15,44
Inter,0.16294669763662,15,45
Inter,0.165886866342043,15,46
Inter,0.155824345715949,15,47
Inter,0.196315267013809,15,48
Inter,0.162339882148928,15,49
Inter,0.168360801653212,15,50
Inter,0.169434442108507,15,51
Inter,0.162019654143134,15,52
Inter,0.187945979354923,15,53
Inter,0.167299904627418,15,54
Inter,0.179996411571427,15,55
Inter,0.175726450087289,15,56
Inter,0.172610100251433,15,57
Inter,0.179317194177722,15,58
Inter,0.161172218789989,15,59
Inter,0.192492113974394,15,60
Inter,0.174933807072523,15,61
Inter,0.181804853257864,15,62
Inter,0.179474703476295,15,63
Inter,0.16477961200967,15,64
Inter,0.170467918753451,15,65
Inter,0.160287490073835,15,66
Inter,0.154963090925053,15,67
Inter,0.157297442590886,15,68
Inter,0.157216415585913,15,69
Inter,0.159029701315057,15,70
Inter,0.164426773528049,15,71
Inter,0.162584995809914,15,72
Inter,0.165921390207616,15,73
Inter,0.158513839353748,15,74
Inter,0.159046614649765,15,75
Inter,0.159915774971434,15,76
Inter,0.165678696017195,15,77
Inter,0.17171798488553,15,78
Inter,0.159810087188625,15,79
Inter,0.16193320503942,15,80
Inter,0.170953337929743,15,81
Inter,0.167273168849375,15,82
Inter,0.18351348238471,15,83
Inter,0.172797622885985,15,84
Inter,0.189134279590144,15,85
Inter,0.179730269824919,15,86
Inter,0.186988144287836,15,87
Inter,0.180030469550872,15,88
Inter,0.174006773572802,15,89
Inter,0.189596131401714,15,90
Inter,0.18417749421847,15,91
Inter,0.174973788401018,15,92
Inter,0.182902179304398,15,93
Inter,0.170908240177993,15,94
Inter,0.190731001338868,15,95
Inter,0.175302562521218,15,96
Inter,0.175523411149637,15,97
Inter,0.190447489135474,15,98
Inter,0.170673183847532,15,99
Inter,0.178372027114461,15,100
Inter,0.178097575029787,15,101
Inter,0.177931501752664,15,102
Inter,0.439166990177644,15,103
Inter,0.195651008626679,15,104
Inter,0.190889341994244,15,105
Inter,0.17994476421905,16,1
Inter,0.155777949469373,16,2
Inter,0.163914828723104,16,3
Inter,0.153045630558887,16,4
Inter,0.173650343871073,16,5
Inter,0.161868069494406,16,6
Inter,0.19038818573713,16,7
Inter,0.154139268875998,16,8
Inter,0.159058271815982,16,9
Inter,0.15455818592106,16,10
Inter,0.14732178763619,16,11
Inter,0.167177931627462,16,12
Inter,0.15803464925124,16,13
Inter,0.168917289857545,16,14
Inter,0.152606080557498,16,15
Inter,0.16036438097719,16,16
Inter,0.160785432547482,16,17
Inter,0.166301326241353,16,18
Inter,0.174527422215498,16,19
Inter,0.144194691534624,16,20
Inter,0.190257679592853,16,21
Inter,0.163457576154602,16,22
Inter,0.207730926174169,17,1
Inter,0.193465692125882,17,2
Inter,0.176932681182413,17,3
Inter,0.184700222151055,17,4
Inter,0.216042956972236,17,5
Inter,0.211488072384574,17,6
Inter,0.178769767177289,17,7
Inter,0.198134722460986,17,8
Inter,0.189852684506274,17,9
Inter,0.181242024736515,17,10
Inter,0.188705221037611,17,11
Inter,0.196541599628506,17,12
Inter,0.222338191670219,17,13
Inter,0.188317123415222,17,14
Inter,0.199367833393415,17,15
Inter,0.189526347297214,17,16
Inter,0.186419729104346,17,17
Inter,0.185055449686922,17,18
Inter,0.192691842915124,17,19
Inter,0.197538837170659,17,20
Inter,0.184644030788656,17,21
Inter,0.199874928427051,17,22
Inter,0.191870937926956,17,23
Inter,0.187348969377687,17,24
Inter,0.18365513261349,17,25
Inter,0.173811514132059,17,26
Inter,0.196174084073904,17,27
Inter,0.187744156888673,17,28
Inter,0.186519974948894,17,29
Inter,0.176745708915064,17,30
Inter,0.17688142742986,17,31
Inter,0.179824213221453,17,32
Inter,0.18381403879236,17,33
Inter,0.18799803894486,17,34
Inter,0.193753431219128,17,35
Inter,0.178537009118617,17,36
Inter,0.162251396053203,17,37
Inter,0.174917714494222,17,38
Inter,0.173235589135392,17,39
Inter,0.171566960998182,17,40
Inter,0.16706009038147,17,41
Inter,0.169975569074812,17,42
Inter,0.171288014597276,17,43
Inter,0.167316450221644,17,44
Inter,0.165763133964486,17,45
Inter,0.161788719699508,17,46
Inter,0.172863302836454,17,47
Inter,0.172231308106399,17,48
Inter,0.16785282045158,17,49
Inter,0.16064398071326,18,1
Inter,0.180108562930581,18,2
Inter,0.152219161746076,18,3
Inter,0.170690772343998,18,4
Inter,0.136302150098789,18,5
Inter,0.148479126380556,18,6
Inter,0.141394897890617,18,7
Inter,0.147926154156053,18,8
Inter,0.143977198535899,18,9
Inter,0.169736722626954,18,10
Inter,0.154410215933817,18,11
Inter,0.155496293628724,18,12
Inter,0.15546358370899,18,13
Inter,0.149082622402716,18,14
Inter,0.159100147638699,18,15
Inter,0.154183627969713,18,16
Inter,0.161211134830958,18,17
Inter,0.149598337082332,18,18
Inter,0.182906314259677,19,1
Inter,0.185334212606487,19,2
Inter,0.181872208500944,19,3
Inter,0.201584275293614,19,4
Inter,0.171900315719542,19,5
Inter,0.178705214974874,19,6
Inter,0.1603986912241,20,1
Inter,0.170002371518009,20,2
Inter,0.197989619745275,20,3
Inter,0.180357526600874,20,4
Inter,0.18384423832027,20,5
Inter,0.186034176690888,20,6
Inter,0.186397899247225,20,7
Inter,0.169633291665832,20,8
Inter,0.175181888479446,20,9
Inter,0.175069668180829,21,1
Inter,0.175587606694255,21,2
Inter,0.183523569913554,21,3
Inter,0.17598288450827,21,4
Inter,0.191488403039491,21,5
Inter,0.195419911158737,21,6
Inter,0.189846461638095,21,7
Inter,0.167022118527584,21,8
Inter,0.158021460291571,21,9
Inter,0.164451338927542,21,10
Inter,0.157741811292029,21,11
Inter,0.174513180552972,21,12
Inter,0.166317364354559,21,13
Inter,0.165119706008327,21,14
Inter,0.159967847086729,21,15
Inter,0.169072115411884,21,16
Inter,0.171645516624955,21,17
Inter,0.180287905058902,21,18
Inter,0.189080056412128,21,19
Inter,0.191216241749368,21,20
Inter,0.187875329252556,21,21
Inter,0.163919025749621,21,22
Inter,0.178285181522163,21,23
Inter,0.190955318259947,21,24
Inter,0.17722140723148,21,25
Inter,0.204423716329446,21,26
Inter,0.227906615184186,21,27
Inter,0.226298324021569,21,28
Inter,0.167002984613204,21,29
Inter,0.170823778854711,21,30
Inter,0.173559530080838,21,31
Inter,0.173570827534559,21,32
Inter,0.17736788683645,21,33
Inter,0.180375960985398,21,34
Inter,0.175802621645841,21,35
Inter,0.16143039580111,21,36
Inter,0.161541995465288,21,37
Inter,0.15521646029712,21,38
Inter,0.165811609994753,21,39
Inter,0.162537524324866,21,40
Inter,0.152421069695009,21,41
Inter,0.154645421672966,21,42
Inter,0.177059500625554,21,43
Inter,0.16869145064021,21,44
Inter,0.182742763810085,21,45
Inter,0.177229870370729,21,46
Inter,0.19873576462912,21,47
Inter,0.193364675972119,21,48
Inter,0.192184521268834,21,49
Inter,0.165057922694798,21,50
Inter,0.167451915615205,21,51
Inter,0.170356594646953,21,52
Inter,0.164810265804713,21,53
Inter,0.171661462087465,21,54
Inter,0.184011089918465,21,55
Inter,0.19525406515099,21,56
Inter,0.162125278713307,21,57
Inter,0.160412516932109,21,58
Inter,0.166438699100804,21,59
Inter,0.172938917326227,21,60
Inter,0.172018262158182,21,61
Inter,0.179023832630332,21,62
Inter,0.193322274604862,21,63
Inter,0.162792871957573,21,64
Inter,0.170311713578584,21,65
Inter,0.178865592609192,21,66
Inter,0.176591221564458,21,67
Inter,0.183296000162056,21,68
Inter,0.194251158477632,21,69
Inter,0.193493517598106,21,70
Inter,0.16959926324679,21,71
Inter,0.169201652550171,21,72
Inter,0.177385453274821,21,73
Inter,0.172366217069065,21,74
Inter,0.171016443778163,21,75
Inter,0.167278817715768,21,76
Inter,0.162822282854458,21,77
Inter,0.174519593309619,22,1
Inter,0.170354972914743,22,2
Inter,0.174331914872823,22,3
Inter,0.188405593095563,22,4
Inter,0.181232080369869,22,5
Inter,0.181164989423536,22,6
Inter,0.180139440382838,22,7
Inter,0.179025899851432,22,8
Inter,0.181526056243903,22,9
Inter,0.171808800227236,22,10
Inter,0.172734265278905,22,11
Inter,0.182342524122296,22,12
Inter,0.189733726547074,22,13
Inter,0.176060644691501,22,14
Inter,0.181913622912721,22,15
Inter,0.183375104305006,22,16
Inter,0.171251191643902,22,17
Inter,0.178807623132158,22,18
Inter,0.175395669584002,22,19
Inter,0.167241748975987,22,20
Inter,0.184446533889414,22,21
Inter,0.18520438876363,22,22
Inter,0.168205242415025,22,23
Inter,0.178554775913847,22,24
Inter,0.180231491694126,22,25
Inter,0.163973752298844,22,26
Inter,0.183723724474079,22,27
Inter,0.178846354621884,22,28
Inter,0.172472077446802,22,29
Inter,0.181843120667126,22,30
Inter,0.192973456207587,22,31
Inter,0.174618435528903,22,32
Inter,0.185489211398488,22,33
Inter,0.164906499168979,22,34
Inter,0.151532766372205,22,35
Inter,0.15498802802963,22,36
Inter,0.1643450796141,22,37
Inter,0.161583506206955,22,38
Inter,0.166469280550652,22,39
Inter,0.178905607060861,22,40
Inter,0.167850986279811,22,41
Inter,0.175494643013054,22,42
Inter,0.174190419268119,22,43
Inter,0.161160990579338,22,44
Inter,0.174597609155674,22,45
Inter,0.170756455292502,22,46
Inter,0.173157424739381,22,47
Inter,0.183021831290493,22,48
Inter,0.173232149323101,22,49
Inter,0.16175942231867,22,50
Inter,0.167088738458251,22,51
Inter,0.299129361363467,22,52
Inter,0.234710221474056,22,53
Inter,0.201450133304208,22,54
Inter,0.335351136281657,22,55
Inter,0.228394190634702,22,56
Inter,0.31041857708025,22,57
Inter,0.151497847447704,23,1
Inter,0.177229765180952,23,2
Inter,0.19964827489639,23,3
Inter,0.202481597954958,23,4
Inter,0.179554941432701,23,5
